taken_at,Date,event_id,starts,League,Player1,Player2,PS1,PS2
2026-09-23 17:56:54.849040+00:00,2026-09-23,1637155669,2026-09-23 19:00:00+00:00,ATP Challenger San Diego - R1,Abdullah Shelbayh,Andres Andrade,1.6289,2.33
2026-09-23 17:56:54.849040+00:00,2026-09-24,1637175380,2026-09-24 11:30:00+00:00,ATP Hangzhou - R1,Zhizhen Zhang,Chak Lam Coleman Wong,2.39,1.6369
2026-09-23 17:56:54.849040+00:00,2026-09-24,1637175381,2026-09-24 08:00:00+00:00,ATP Hangzhou - R1,Yunchaokete Bu,Michael Zheng,2.29,1.6897
2026-09-23 17:56:54.849040+00:00,2026-09-24,1637175382,2026-09-24 08:00:00+00:00,ATP Hangzhou - R1,Mattia Bellucci,Kamil Majchrzak,2.24,1.7143
2026-09-23 17:56:54.849040+00:00,2026-09-24,1637175383,2026-09-24 08:30:00+00:00,ATP Hangzhou - R1,Jie Cui,Adolfo Daniel Vallejo,3.55,1.3356
2026-09-23 17:56:54.849040+00:00,2026-09-24,1637175384,2026-09-24 05:30:00+00:00,ATP Hangzhou - R1,Jaime Faria,Terence Atmane,2.18,1.7519
2026-09-23 17:56:54.849040+00:00,2026-09-24,1637175396,2026-09-23 22:30:00+00:00,ATP Challenger San Diego - R16,Keegan Smith,Dylan Dietrich,2.3,1.6329
2026-09-23 17:56:54.849040+00:00,2026-09-24,1637175410,2026-09-24 09:00:00+00:00,Billie Jean King Cup - Tie,Italy,China,2.03,1.7874
2026-09-23 17:56:54.849040+00:00,2026-09-24,1637175412,2026-09-24 01:00:00+00:00,ATP Chengdu Open - R1,James Duckworth,Lorenzo Sonego,2.16,1.7692
2026-09-23 17:56:54.849040+00:00,2026-09-24,1637175510,2026-09-24 05:00:00+00:00,ATP Hangzhou - R1,Sho Shimabukuro,Hugo Gaston,2.02,1.8696
2026-09-23 17:56:54.849040+00:00,2026-09-24,1637175534,2026-09-24 02:00:00+00:00,Billie Jean King Cup - Tie,Ukraine,Belgium,1.1848,4.8
2026-09-23 17:56:54.849040+00:00,2026-09-24,1637175536,2026-09-24 01:00:00+00:00,ATP Chengdu Open - R1,Tallon Griekspoor,Denis Shapovalov,2.24,1.7194
2026-09-23 17:56:54.849040+00:00,2026-09-24,1637175537,2026-09-24 01:00:00+00:00,ATP Chengdu Open - R1,Nuno Borges,Camilo Ugo Carabelli,1.2342,4.56
2026-09-23 17:56:54.849040+00:00,2026-09-24,1637175538,2026-09-24 08:30:00+00:00,ATP Chengdu Open - R1,Juan Manuel Cerundolo,Yi Zhou,1.4854,2.81
2026-09-23 17:56:54.849040+00:00,2026-09-24,1637175539,2026-09-24 08:00:00+00:00,ATP Chengdu Open - R1,Alexander Shevchenko,Hubert Hurkacz,5.17,1.1969
2026-09-23 17:56:54.849040+00:00,2026-09-24,1637178724,2026-09-24 01:00:00+00:00,ATP Chengdu Open - R1,Juncheng Shang,Adrian Mannarino,1.4065,3.14
2026-09-23 17:56:54.849040+00:00,2026-09-24,1637178765,2026-09-24 05:00:00+00:00,WTA Seoul - R16,Yeonwoo Ku,Elena-Gabriela Ruse,4.38,1.2481
2026-09-23 17:56:54.849040+00:00,2026-09-24,1637181742,2026-09-24 02:00:00+00:00,WTA Singapore - R16,Xinyu Wang,Joanna Garland,1.3205,3.73
2026-09-23 17:56:54.849040+00:00,2026-09-24,1637181766,2026-09-24 10:30:00+00:00,WTA Singapore - R16,Tatiana Prozorova,Alexandra Eala,4.51,1.2457
2026-09-23 17:56:54.849040+00:00,2026-09-24,1637181776,2026-09-24 07:00:00+00:00,WTA Seoul - R16,Jelena Ostapenko,Taylah Preston,1.3704,3.34
2026-09-23 17:56:54.849040+00:00,2026-09-24,1637183938,2026-09-24 03:00:00+00:00,WTA Seoul - R16,Yexin Ma,Kimberly Birrell,3.03,1.431
2026-09-23 17:56:54.849040+00:00,2026-09-24,1637185195,2026-09-24 01:00:00+00:00,WTA Seoul - R16,Anna Bondar,Alina Charaeva,1.5618,2.58
2026-09-23 17:56:54.849040+00:00,2026-09-23,1637190747,2026-09-23 19:00:00+00:00,ATP Challenger Genoa - R16,Lukas Neumayer,Juan Cruz Martin Manzano,1.2717,3.88
2026-09-23 17:56:54.849040+00:00,2026-09-24,1637190752,2026-09-24 08:00:00+00:00,ATP Challenger Genoa - R16,Carlo Alberto Caniato,Tom Gentzsch,2.08,1.7813
2026-09-23 17:56:54.849040+00:00,2026-09-24,1637190805,2026-09-24 14:30:00+00:00,ATP Challenger Plovdiv - R16,Jonas Forejtek,Maxime Chazal,1.5435,2.5
2026-09-23 17:56:54.849040+00:00,2026-09-24,1637190822,2026-09-24 12:00:00+00:00,WTA Singapore - R16,Maria Sakkari,Nao Hibino,1.1901,5.31
2026-09-23 17:56:54.849040+00:00,2026-09-24,1637193329,2026-09-24 10:30:00+00:00,ATP Challenger Plovdiv - R16,Izan Almazan Valiente,Maxim Mrva,2.63,1.4975
2026-09-23 17:56:54.849040+00:00,2026-09-24,1637193389,2026-09-24 12:00:00+00:00,WTA 125K Porto - R16,Angelina Voloshchuk,Harmony Tan,2.7,1.4762
2026-09-23 17:56:54.849040+00:00,2026-09-24,1637194801,2026-09-24 08:00:00+00:00,ATP Challenger St Tropez - R16,Andrea Guerrieri,Jesper De Jong,3.0,1.4184
2026-09-23 17:56:54.849040+00:00,2026-09-24,1637194838,2026-09-24 10:30:00+00:00,ATP Challenger Plovdiv - R16,Ivan Ivanov,Adrian Andreev,2.2,1.6897
2026-09-23 17:56:54.849040+00:00,2026-09-24,1637194890,2026-09-24 08:00:00+00:00,ATP Challenger Genoa - R16,Jay Clarke,Giuseppe La Vela,1.1669,5.26
2026-09-23 17:56:54.849040+00:00,2026-09-24,1637206020,2026-09-24 14:00:00+00:00,ATP Challenger Plovdiv - R16,Felix Gill,Iliyan Radulov,1.3676,3.16
2026-09-23 17:56:54.849040+00:00,2026-09-24,1637206039,2026-09-24 11:30:00+00:00,WTA 125K Porto - R16,Naiktha Bains,Reese Brantmeier,3.68,1.2874
2026-09-23 17:56:54.849040+00:00,2026-09-24,1637206074,2026-09-23 21:30:00+00:00,ATP Challenger Buenos Aires - R16,Francisco Comesana,Joaquin Aguilar Cardozo,1.4785,2.69
2026-09-23 17:56:54.849040+00:00,2026-09-23,1637208820,2026-09-23 19:00:00+00:00,ATP Challenger Buenos Aires - R16,Nicolas Kicker,Hugo Dellien,4.1,1.25
2026-09-23 17:56:54.849040+00:00,2026-09-24,1637208845,2026-09-24 13:30:00+00:00,WTA 125K Porto - R16,Valentina Steiner,Katie Swan,5.03,1.1779
2026-09-23 17:56:54.849040+00:00,2026-09-24,1637208856,2026-09-24 08:00:00+00:00,ATP Challenger St Tropez - R16,Matteo Martineau,Daniel Masur,2.04,1.8264
2026-09-23 17:56:54.849040+00:00,2026-09-24,1637208864,2026-09-24 08:00:00+00:00,ATP Challenger Genoa - R16,Francesco Forti,Alejandro Juan Mano,1.3774,3.1
2026-09-23 17:56:54.849040+00:00,2026-09-23,1637208870,2026-09-23 19:00:00+00:00,WTA 125k Tolentino - R16,Noemi Basiletti,Mia Ristic,2.16,1.7246
2026-09-23 17:56:54.849040+00:00,2026-09-24,1637208871,2026-09-24 10:00:00+00:00,WTA 125K Porto - R16,Veronika Podrez,Mia Pohankova,3.05,1.3891
2026-09-23 17:56:54.849040+00:00,2026-09-24,1637208897,2026-09-23 22:30:00+00:00,ITF Women Belem - R1,Fernanda Regalado Macias,Gabriela Guapindaia Soares,1.5714,2.38
2026-09-23 17:56:54.849040+00:00,2026-09-24,1637209808,2026-09-24 08:00:00+00:00,ATP Challenger St Tropez - R16,Edas Butvilas,Harold Mayot,1.7299,2.17
2026-09-23 17:56:54.849040+00:00,2026-09-24,1637209858,2026-09-24 09:00:00+00:00,WTA 125k Tolentino - R16,Alice Tubello,Julia Grabher,2.28,1.641
2026-09-23 17:56:54.849040+00:00,2026-09-23,1637209859,2026-09-23 19:30:00+00:00,ATP Challenger San Diego - R16,Trevor Svajda,Federico Agustin Gomez,1.4,3.04
2026-09-23 17:56:54.849040+00:00,2026-09-23,1637209884,2026-09-23 18:00:00+00:00,ITF Men Curitiba - R1,Joao Vitor Goncalves Ceolin,Eric Martins,1.031,15.99
2026-09-23 17:56:54.849040+00:00,2026-09-23,1637215377,2026-09-23 19:00:00+00:00,ATP Challenger San Diego - R16,Patrick Maloney,Igor Marcondes,2.11,1.7576
2026-09-23 17:56:54.849040+00:00,2026-09-23,1637215430,2026-09-23 19:00:00+00:00,ATP Challenger San Diego - R16,Henry Searle,Liam Draxl,2.28,1.6536
2026-09-23 17:56:54.849040+00:00,2026-09-23,1637215458,2026-09-23 18:00:00+00:00,ITF Women Berkeley - R1,Emma Kamper Malmkjaer,Anastasia Abbagnato,1.6494,2.26
2026-09-23 17:56:54.849040+00:00,2026-09-23,1637215459,2026-09-23 19:30:00+00:00,ITF Women Berkeley - R1,Alina Shcherbinina,Valeriya Strakhova,1.1812,4.98
2026-09-23 17:56:54.849040+00:00,2026-09-23,1637215461,2026-09-23 19:30:00+00:00,ITF Women Berkeley - R1,Carson Branstine,Whitney Osuigwe,1.6494,2.27
2026-09-23 17:56:54.849040+00:00,2026-09-24,1637215465,2026-09-24 15:30:00+00:00,WTA 125k Tolentino - R16,Samira De Stefano,Oksana Selekhmeteva,1.8621,1.9615
2026-09-23 17:56:54.849040+00:00,2026-09-23,1637215613,2026-09-23 19:30:00+00:00,ITF Women Berkeley - R1,Ella McDonald,Katherine Hui,1.4386,2.84
2026-09-23 17:56:54.849040+00:00,2026-09-23,1637215614,2026-09-23 19:30:00+00:00,ITF Women Berkeley - R1,Kayla Day,Arina Bulatova,1.038,13.94
2026-09-23 17:56:54.849040+00:00,2026-09-24,1637215618,2026-09-24 09:00:00+00:00,WTA 125K Ankara - R16,Teodora Kostovic,Elena Ruxandra Bertea,1.1949,4.74
2026-09-23 17:56:54.849040+00:00,2026-09-23,1637218344,2026-09-23 19:00:00+00:00,ATP Challenger San Diego - R16,Tristan Boyer,Sebastian Gorzny,1.5988,2.39
2026-09-23 17:56:54.849040+00:00,2026-09-23,1637218362,2026-09-23 18:00:00+00:00,ITF Women Berkeley - R1,Yaroslava Bartashevich,Sofia Elena Cabezas Dominguez,2.43,1.5747
2026-09-23 17:56:54.849040+00:00,2026-09-23,1637218365,2026-09-23 18:00:00+00:00,ITF Women Berkeley - R1,Martina Okalova,Savannah Broadus,6.01,1.1361
2026-09-23 17:56:54.849040+00:00,2026-09-24,1637218366,2026-09-24 09:00:00+00:00,WTA 125K Ankara - R16,Fangran Tian,Elena Micic,1.5714,2.44
2026-09-23 17:56:54.849040+00:00,2026-09-24,1637218367,2026-09-24 09:00:00+00:00,WTA 125K Ankara - R16,Carole Monnet,Anastasia Gasanova,2.93,1.4132
2026-09-23 17:56:54.849040+00:00,2026-09-24,1637218369,2026-09-24 12:00:00+00:00,WTA 125k Tolentino - R16,Ekaterine Gorgodze,Barbora Palicova,2.75,1.4608
2026-09-23 17:56:54.849040+00:00,2026-09-23,1637218411,2026-09-23 18:00:00+00:00,ITF Men Columbia - R1,William Jansen,Seydina Andre,1.3636,3.18
2026-09-23 17:56:54.849040+00:00,2026-09-24,1637218414,2026-09-24 01:00:00+00:00,ITF Women Nanao - R16,Jia-Jing Lu,Tiana Tian Deng,1.3333,3.16
2026-09-23 17:56:54.849040+00:00,2026-09-24,1637218415,2026-09-24 01:00:00+00:00,ITF Women Nanao - R16,Rion Itaya,Kurea Hayasaka,6.13,1.111
2026-09-23 17:56:54.849040+00:00,2026-09-24,1637218433,2026-09-24 05:00:00+00:00,ATP Hangzhou - R1,Dane Sweeny,Taro Daniel,2.45,1.5988
2026-09-23 17:56:54.849040+00:00,2026-09-24,1637218435,2026-09-24 09:30:00+00:00,ATP Hangzhou - R1,Fajing Sun,Roman Safiullin,5.11,1.1931
2026-09-23 17:56:54.849040+00:00,2026-09-24,1637218436,2026-09-24 06:30:00+00:00,ATP Hangzhou - R1,Fabian Marozsan,Alex Bolt,1.2976,3.79
2026-09-23 17:56:54.849040+00:00,2026-09-24,1637220980,2026-09-24 02:00:00+00:00,ITF Women Nanao - R16,Kurumi Tamura,Michika Ozeki,2.27,1.6024
2026-09-23 17:56:54.849040+00:00,2026-09-24,1637220989,2026-09-24 06:30:00+00:00,ATP Hangzhou - R1,Rinky Hijikata,Dalibor Svrcina,2.36,1.6369
2026-09-23 17:56:54.849040+00:00,2026-09-24,1637220993,2026-09-24 01:00:00+00:00,ATP Chengdu Open - R1,Moise Kouame,Alexandre Muller,1.813,2.07
2026-09-23 17:56:54.849040+00:00,2026-09-25,1637221052,2026-09-25 04:00:00+00:00,WTA Seoul - QF,Lanlana Tararudee,Maya Joint,1.7692,2.14
2026-09-23 17:56:54.849040+00:00,2026-09-25,1637221054,2026-09-25 04:00:00+00:00,WTA Singapore - QF,Elise Mertens,Maja Chwalinska,1.4717,2.86
2026-09-23 17:56:54.849040+00:00,2026-09-24,1637221073,2026-09-24 02:00:00+00:00,ITF Women Nanao - R16,Sakura Hosogi,Rinko Matsuda,2.04,1.7353
2026-09-23 17:56:54.849040+00:00,2026-09-24,1637221074,2026-09-24 01:00:00+00:00,ITF Women Nanao - R16,Kanon Sawashiro,Hiromi Abe,3.95,1.2288
2026-09-23 17:56:54.849040+00:00,2026-09-24,1637221075,2026-09-24 01:00:00+00:00,ITF Women Nanao - R16,Mutsumi Uemura,Hikaru Sato,2.59,1.4739
2026-09-23 17:56:54.849040+00:00,2026-09-24,1637221076,2026-09-24 02:00:00+00:00,ITF Women Nanao - R16,Eri Shimizu,Nana Onozawa,1.082,7.37
2026-09-23 17:56:54.849040+00:00,2026-09-24,1637221077,2026-09-24 02:00:00+00:00,ITF Women Nanao - R16,Natsumi Kawaguchi,Sayaka Ishii,1.5952,2.28
2026-09-23 17:56:54.849040+00:00,2026-09-24,1637221089,2026-09-24 08:00:00+00:00,ATP Chengdu Open - R1,Lloyd Harris,Aleksandar Kovacevic,1.5155,2.68
2026-09-23 17:56:54.849040+00:00,2026-09-24,1637221090,2026-09-24 08:00:00+00:00,ATP Chengdu Open - R1,Martin Damm,Shintaro Mochizuki,1.5495,2.57
2026-09-23 17:56:54.849040+00:00,2026-09-24,1637221091,2026-09-24 01:00:00+00:00,ATP Chengdu Open - R1,Miomir Kecmanovic,Nikoloz Basilashvili,1.4902,2.76
2026-09-23 17:56:54.849040+00:00,2026-09-24,1637221122,2026-09-24 14:00:00+00:00,WTA 125K Ankara - R16,Deniz Dilek,Cagla Buyukakcay,1.5882,2.39
2026-09-23 17:56:54.849040+00:00,2026-09-24,1637225821,2026-09-24 05:00:00+00:00,WTA Singapore - R16,Talia Gibson,Viktoria Morvayova,1.084,8.64
2026-09-23 17:56:54.849040+00:00,2026-09-24,1637225837,2026-09-24 03:00:00+00:00,ITF Women Maanshan - R16,Aruzhan Sagandikova,Yingqun Sun,1.9174,1.8403
2026-09-23 17:56:54.849040+00:00,2026-09-24,1637225838,2026-09-24 02:00:00+00:00,ITF Women Maanshan - R16,Daria Khomutsianskaya,Darja Suvirdjonkova,1.055,9.37
2026-09-23 17:56:54.849040+00:00,2026-09-24,1637225839,2026-09-24 02:00:00+00:00,ITF Women Maanshan - R16,Shiyu Ye,Yanan Hou,1.2151,4.11
2026-09-23 17:56:54.849040+00:00,2026-09-24,1637225840,2026-09-24 03:00:00+00:00,ITF Women Maanshan - R16,Zijun Jiang,Junhan Zhang,4.73,1.1701
2026-09-23 17:56:54.849040+00:00,2026-09-24,1637225841,2026-09-24 02:00:00+00:00,ITF Women Maanshan - R16,Jing-Jing Lu,Anna Kubareva,3.82,1.2427
2026-09-23 17:56:54.849040+00:00,2026-09-24,1637225842,2026-09-24 09:00:00+00:00,ATP Challenger St Tropez - R16,Billy Harris,Murphy Cassone,2.01,1.8547
2026-09-23 17:56:54.849040+00:00,2026-09-24,1637240770,2026-09-24 03:00:00+00:00,ITF Women Maanshan - R16,Xiao Tang,Yuhan Wang,5.38,1.1379
2026-09-23 17:56:54.849040+00:00,2026-09-24,1637240807,2026-09-24 06:00:00+00:00,ITF Men Baku - R16,Ivan Gretskiy,Marc Majdandzic,3.83,1.241
2026-09-23 17:56:54.849040+00:00,2026-09-24,1637240808,2026-09-24 06:00:00+00:00,ITF Men Baku - R16,Oscar Brown,Kerem Yilmaz,1.7874,1.9709
2026-09-23 17:56:54.849040+00:00,2026-09-24,1637240813,2026-09-24 04:00:00+00:00,ITF Men Yinchuan - R16,Alibek Kachmazov,Chase Ferguson,1.16,4.91
2026-09-23 17:56:54.849040+00:00,2026-09-24,1637240814,2026-09-24 04:00:00+00:00,ITF Men Yinchuan - R16,Zijiang Yang,Chan-Yeong Oh,5.79,1.122
2026-09-23 17:56:54.849040+00:00,2026-09-25,1637241141,2026-09-25 02:00:00+00:00,ATP Hangzhou - R16,Kyrian Jacquet,Tomas Martin Etcheverry,2.45,1.5988
2026-09-23 17:56:54.849040+00:00,2026-09-24,1637241143,2026-09-24 02:00:00+00:00,ITF Women Maanshan - R16,Meng-Yi Chen,Ruien Zhang,4.72,1.1709
2026-09-23 17:56:54.849040+00:00,2026-09-25,1637241158,2026-09-25 02:00:00+00:00,ATP Hangzhou - R16,Daniil Medvedev,Valentin Royer,1.2299,4.52
2026-09-23 17:56:54.849040+00:00,2026-09-25,1637241169,2026-09-25 03:00:00+00:00,WTA Singapore - QF,Mirra Andreeva,Leylah Fernandez,1.2778,4.04
2026-09-23 17:56:54.849040+00:00,2026-09-24,1637241180,2026-09-24 04:00:00+00:00,ITF Men Yinchuan - R16,Nick Beamish,Mukund Sasikumar,11.76,1.037
2026-09-23 17:56:54.849040+00:00,2026-09-24,1637241181,2026-09-24 04:00:00+00:00,ITF Men Yinchuan - R16,Filip Peliwo,Enzo Aguiard,3.73,1.2519
2026-09-23 17:56:54.849040+00:00,2026-09-24,1637241182,2026-09-24 04:00:00+00:00,ITF Men Yinchuan - R16,Jesse Flores,Reiya Komagata,1.3268,3.19
2026-09-23 17:56:54.849040+00:00,2026-09-24,1637241183,2026-09-24 04:00:00+00:00,ITF Men Yinchuan - R16,Alexandr Binda,Nikolai Barsukov,1.463,2.62
2026-09-23 17:56:54.849040+00:00,2026-09-24,1637241184,2026-09-24 04:00:00+00:00,ITF Men Yinchuan - R16,Kuan Shou Chen,Shaoyun Liu,1.08,7.49
2026-09-23 17:56:54.849040+00:00,2026-09-24,1637241205,2026-09-23 22:00:00+00:00,ITF Men Pardubice - R16,Stepan Baum,Jakub Vrtilka,1.068,8.86
2026-09-23 17:56:54.849040+00:00,2026-09-24,1637241206,2026-09-23 22:00:00+00:00,ITF Men Pardubice - R16,Sebastian Dominko,Marko Bekeni,1.072,8.52
2026-09-23 17:56:54.849040+00:00,2026-09-24,1637241207,2026-09-23 22:00:00+00:00,ITF Men Pardubice - R16,Dominik Recek,Jakub Kusy,1.2268,4.13
2026-09-23 17:56:54.849040+00:00,2026-09-24,1637241212,2026-09-23 21:00:00+00:00,ITF Women Constanta - R16,Stefania Bojica,Alesia Breaz,2.32,1.6211
2026-09-23 17:56:54.849040+00:00,2026-09-24,1637244597,2026-09-23 22:00:00+00:00,ITF Men Pardubice - R16,Rudolf Molleker,Heorhii Shylov,1.1701,4.95
2026-09-23 17:56:54.849040+00:00,2026-09-24,1637244602,2026-09-23 21:00:00+00:00,ITF Women Constanta - R16,Melinda Biro,Maria Herazo,1.3436,3.29
2026-09-23 17:56:54.849040+00:00,2026-09-24,1637244633,2026-09-23 22:00:00+00:00,ITF Men Forbach - R16,Fons Van Sambeek,Flynn Thomas,1.6536,2.21
2026-09-23 17:56:54.849040+00:00,2026-09-24,1637244634,2026-09-23 22:00:00+00:00,ITF Men Forbach - R16,Timeo Trufelli,Louis Van Herck,1.6993,2.13
2026-09-23 17:56:54.849040+00:00,2026-09-24,1637244635,2026-09-23 22:00:00+00:00,ITF Men Forbach - R16,Matteo Covato,Stefan Seifert,7.3,1.092
2026-09-23 17:56:54.849040+00:00,2026-09-24,1637246658,2026-09-23 22:00:00+00:00,ITF Men Pardubice - R16,Claus Piening,Kalin Ivanovski,17.88,1.021
2026-09-23 17:56:54.849040+00:00,2026-09-24,1637246659,2026-09-23 22:00:00+00:00,ITF Men Pardubice - R16,Jonas Gundacker,Lukas Pokorny,3.98,1.2398
2026-09-23 17:56:54.849040+00:00,2026-09-24,1637246660,2026-09-23 22:00:00+00:00,ITF Men Pardubice - R16,David Petrofsky,Matyas Cerny,16.98,1.023
2026-09-23 17:56:54.849040+00:00,2026-09-24,1637246661,2026-09-23 22:00:00+00:00,ITF Men Pardubice - R16,Jiri Cizek,Petros Tsitsipas,1.9091,1.8772
2026-09-23 17:56:54.849040+00:00,2026-09-24,1637246698,2026-09-23 22:00:00+00:00,ITF Men Forbach - R16,Arthur Nagel,Paul Theate,1.017,19.95
2026-09-23 17:56:54.849040+00:00,2026-09-24,1637248803,2026-09-23 21:00:00+00:00,ITF Women Constanta - R16,Iulia Maria Buculei,Linda Sevcikova,1.7692,2.07
2026-09-23 17:56:54.849040+00:00,2026-09-24,1637248804,2026-09-23 21:00:00+00:00,ITF Women Constanta - R16,Maia Ilinca Burcescu,Sonja Zhenikhova,1.4464,2.81
2026-09-23 17:56:54.849040+00:00,2026-09-24,1637248829,2026-09-23 22:00:00+00:00,ITF Men Forbach - R16,Moritz Hoffmann,Daniel De Jonge,8.32,1.075
2026-09-23 17:56:54.849040+00:00,2026-09-24,1637248831,2026-09-23 22:00:00+00:00,ITF Men Forbach - R16,Tom Zeuch,Noah Boutleux,1.2268,4.12
