date,tournament,player1,player2,recommended_player,opponent,edge_pp,rec_odds,comp_pct,games_line,games_odds,te_match_id,result,score,checked_at
2026-09-18,,Darwin Blanch,Bryce Nakashima,Bryce Nakashima,Darwin Blanch,22.6,2.47,60.2,9.5,1.48,3326373.0,lost,2:0,2026-09-19
2026-09-19,,Alec Braund,Wihan van der Merwe,Alec Braund,Wihan van der Merwe,15.399999999999999,2.1,59.1,10.5,1.53,3326483.0,won,2:1,2026-09-20
2026-09-19,,Eric Tripathi,Jake Dembo,Eric Tripathi,Jake Dembo,24.900000000000006,2.7,58.7,9.5,1.69,3326481.0,lost,2:1,2026-09-20
2026-09-21,,Fermin Tenti,Mariano Kestelboim,Fermin Tenti,Mariano Kestelboim,38.400000000000006,3.8,62.2,7.5,1.56,3328305.0,won,1:0,2026-09-24
2026-09-21,,Filip Misolic,Sebastian Gima,Sebastian Gima,Filip Misolic,43.0,5.25,60.2,6.5,1.69,3328408.0,won,2:1,2026-09-24
2026-09-21,,Talia Gibson,Fiona Ferro,Fiona Ferro,Talia Gibson,17.1,2.27,58.6,9.5,1.51,3327152.0,lost,2:0,2026-09-24
2026-09-21,,Darya Astakhova,Magda Linette,Darya Astakhova,Magda Linette,20.800000000000004,2.7,55.6,9.5,1.65,3328383.0,won,2:1,2026-09-24
2026-09-24,,Liam Delicata,Koray Kirci,Liam Delicata,Koray Kirci,24.89999999999999,2.07,69.1,10.5,1.52,3331598.0,lost,2:0,2026-09-25
2026-09-24,,Ewen Lumsden,Mae Malige,Ewen Lumsden,Mae Malige,21.0,2.35,59.8,10.5,1.65,3331874.0,won,2:1,2026-09-25
2026-09-24,,Yuliya Hatouka,Ksenia Efremova,Yuliya Hatouka,Ksenia Efremova,33.400000000000006,3.5,59.2,7.5,1.69,3331782.0,won,2:0,2026-09-25
2026-09-24,,Juncheng Shang,Adrian Mannarino,Adrian Mannarino,Juncheng Shang,23.1,2.8,56.6,9.5,1.55,3329355.0,won,2:0,2026-09-25
2026-09-24,,Miriana Tona,Nahia Berecoechea,Miriana Tona,Nahia Berecoechea,20.1,2.52,56.1,10.5,1.77,3331038.0,lost,2:0,2026-09-25
2026-09-24,,Jonas Forejtek,Maxime Chazal,Maxime Chazal,Jonas Forejtek,17.6,2.42,56.0,9.5,1.52,3331082.0,lost,2:1,2026-09-25
2026-09-24,,Julita Saner,Arina Gamretkaia,Arina Gamretkaia,Julita Saner,33.2,4.0,55.8,6.5,1.61,3331950.0,lost,2:0,2026-09-25
2026-09-24,,Ellie Daniels,Anastasia Bertacchi,Ellie Daniels,Anastasia Bertacchi,17.799999999999997,2.45,55.0,10.5,1.73,3331760.0,won,2:1,2026-09-25
2026-09-25,,Sota Uranaka,Abdumalik Kamalov,Abdumalik Kamalov,Sota Uranaka,61.6,2.37,100.0,10.5,1.67,3332272.0,lost,2:1,2026-09-26
2026-09-25,,Ana Sofia Sanchez,Astra Sharma,Ana Sofia Sanchez,Astra Sharma,24.4,2.0,70.3,10.5,1.51,3332488.0,lost,2:0,2026-09-26
2026-09-25,,Liam Branger,Etienne Donnet,Liam Branger,Etienne Donnet,18.5,2.35,57.3,10.5,1.64,3332278.0,lost,2:1,2026-09-26
2026-09-25,,Flynn Thomas,Theo Herrmann,Theo Herrmann,Flynn Thomas,22.900000000000006,2.67,57.0,9.5,1.66,3332378.0,lost,2:1,2026-09-26
2026-09-25,,Kateryna Lazarenko,Nahia Berecoechea,Kateryna Lazarenko,Nahia Berecoechea,29.500000000000004,3.35,56.7,7.5,1.64,3332224.0,won,2:1,2026-09-26
2026-09-25,,Calvin Hemery,Carlos Taberner,Calvin Hemery,Carlos Taberner,16.1,2.32,56.2,10.5,1.54,3331810.0,lost,2:1,2026-09-26
2026-09-26,,Astra Sharma,Paola Lopez,Paola Lopez,Astra Sharma,52.800000000000004,20.0,57.6,2.5,1.37,3332846.0,won,1:0,2026-09-27
2026-09-27,,Fiona Crawley,Lois Boisson,Fiona Crawley,Lois Boisson,24.599999999999994,2.45,61.8,10.5,1.71,3333000.0,won,2:1,2026-09-28
2026-09-28,,Luca Staeheli,Alex Rybakov,Luca Staeheli,Alex Rybakov,24.200000000000003,2.77,57.0,10.5,1.78,3334950.0,won,2:1,2026-09-29
2026-09-28,,Andrea Fiorentini,Artur Kukasian,Artur Kukasian,Andrea Fiorentini,19.299999999999997,2.45,56.5,10.5,1.71,3334556.0,lost,2:1,2026-09-29
2026-09-28,,Franco Agamenone,John Sperle,John Sperle,Franco Agamenone,18.299999999999997,2.4,56.3,10.5,1.63,3334750.0,won,2:1,2026-09-29
2026-09-28,,Martin Landaluce,Marco Trungelliti,Marco Trungelliti,Martin Landaluce,19.800000000000004,2.62,55.1,9.5,1.53,3334570.0,won,2:1,2026-09-29
2026-09-29,,Sota Kambara,Tomoki Fujiwara,Sota Kambara,Tomoki Fujiwara,66.5,2.72,100.0,9.5,1.7,3336046.0,lost,2:0,2026-10-01
2026-09-29,,Kanata Ozaki,Raffael Gasanov,Raffael Gasanov,Kanata Ozaki,80.8,4.7,100.0,6.5,1.64,3335120.0,lost,2:0,2026-10-02
2026-09-29,,Lucia Bronzetti,Lois Boisson,Lucia Bronzetti,Lois Boisson,19.300000000000004,2.17,62.2,9.5,1.49,3334930.0,lost,2:0,2026-10-01
2026-09-29,,Vladislav Melnic,Luca Stefan Prunescu Nita,Luca Stefan Prunescu Nita,Vladislav Melnic,46.300000000000004,6.1,61.1,5.5,1.63,3335698.0,lost,2:0,2026-10-01
2026-09-29,,Trevor Svajda,Andres Andrade,Andres Andrade,Trevor Svajda,17.6,2.32,57.7,9.5,1.49,3334008.0,won,2:0,2026-10-01
2026-09-29,,Astrid Wanja Brune Olsen,Sophia Ksandinov,Sophia Ksandinov,Astrid Wanja Brune Olsen,20.4,2.47,57.4,10.5,1.75,3335824.0,lost,2:0,2026-10-01
2026-09-29,,Melih Anavatan,Mae Malige,Melih Anavatan,Mae Malige,30.6,3.7,55.1,7.5,1.64,3335616.0,won,2:0,2026-10-01
2026-09-30,,Kanata Ozaki,Raffael Gasanov,Raffael Gasanov,Kanata Ozaki,80.6,4.65,100.0,6.5,1.63,3335120.0,lost,2:0,2026-10-02
2026-09-30,,Sota Kambara,Tomoki Fujiwara,Sota Kambara,Tomoki Fujiwara,66.5,2.72,100.0,9.5,1.7,3336046.0,lost,2:0,2026-10-01
2026-09-30,,Zaharije-Zak Talic,Adrian Arcon,Adrian Arcon,Zaharije-Zak Talic,17.5,1.8,68.5,11.5,1.44,3336790.0,lost,2:0,2026-10-01
2026-09-30,,Koray Kirci,Liam Delicata,Liam Delicata,Koray Kirci,17.5,1.83,67.5,11.5,1.46,3335582.0,lost,2:1,2026-10-01
2026-09-30,,Lois Boisson,Martyna Kubka,Martyna Kubka,Lois Boisson,30.699999999999996,3.0,61.6,8.5,1.65,3336848.0,lost,2:0,2026-10-01
2026-09-30,,Fernanda Rain,Caira Delfina Vega Gudino,Caira Delfina Vega Gudino,Fernanda Rain,21.6,2.35,60.4,10.5,1.69,3334944.0,won,2:0,2026-10-01
2026-09-30,,Marie Weckerle,Amelie Brooks,Amelie Brooks,Marie Weckerle,34.199999999999996,3.9,57.4,6.5,1.57,3336912.0,lost,2:0,2026-10-01
2026-09-30,,Antonia Ruzic,Julia Riera,Julia Riera,Antonia Ruzic,17.700000000000003,2.4,56.5,9.5,1.59,3335506.0,lost,2:0,2026-10-01
2026-09-30,,Xi Luo,Marianna Shikhanova,Marianna Shikhanova,Xi Luo,33.60000000000001,4.0,56.2,6.5,1.59,3336550.0,lost,2:0,2026-10-01
2026-09-30,,Mayar Sherif,Polina Kudermetova,Mayar Sherif,Polina Kudermetova,21.300000000000004,2.7,56.1,9.5,1.68,3335280.0,pending,,
2026-09-30,,Oleksandra Oliynykova,Yue Yuan,Oleksandra Oliynykova,Yue Yuan,19.6,2.6,55.7,9.5,1.64,3335282.0,lost,2:0,2026-10-01
2026-10-01,,Kanata Ozaki,Sota Kambara,Sota Kambara,Kanata Ozaki,71.1,3.15,100.0,8.5,1.72,3337350.0,won,2:1,2026-10-02
2026-10-01,,Juncheng Shang,Sebastian Baez,Sebastian Baez,Juncheng Shang,23.6,2.17,67.1,10.5,1.49,3335230.0,lost,2:1,2026-10-02
2026-10-01,,Eszter Meri,Astra Sharma,Eszter Meri,Astra Sharma,33.3,3.45,59.6,7.5,1.67,3337873.0,lost,2:1,2026-10-02
2026-10-01,,Scott Jones,Shintaro Imai,Scott Jones,Shintaro Imai,18.299999999999997,2.22,59.4,10.5,1.59,3337472.0,won,2:0,2026-10-02
2026-10-01,,Micah Braswell,Hugo Coquelin,Hugo Coquelin,Micah Braswell,25.9,2.82,58.1,9.5,1.76,3337737.0,won,2:0,2026-10-02
2026-10-01,,Andrea Lola Popovic,Antonina Sushkova,Andrea Lola Popovic,Antonina Sushkova,33.2,3.8,57.0,7.5,1.7,3337807.0,lost,2:0,2026-10-02
2026-10-01,,Linda Klimovicova,Alicia Dudeney,Alicia Dudeney,Linda Klimovicova,20.699999999999996,2.52,56.9,10.5,1.75,3337785.0,won,2:1,2026-10-02
2026-10-01,,Aryan Shah,Evan Bynoe,Evan Bynoe,Aryan Shah,29.800000000000004,3.45,56.1,7.5,1.57,3337795.0,lost,2:1,2026-10-02
2026-10-01,,Yuka Matsumoto,Jessica Hinojosa Gomez,Yuka Matsumoto,Jessica Hinojosa Gomez,22.200000000000003,2.72,55.5,9.5,1.75,3337697.0,lost,2:0,2026-10-02
2026-10-01,,Jeffrey V.D. Schulenburg,Michel Hopp,Michel Hopp,Jeffrey V.D. Schulenburg,23.200000000000003,2.85,55.2,9.5,1.75,3337597.0,lost,2:0,2026-10-02
2026-10-02,,Astra Sharma,Ashley Lahey,Ashley Lahey,Astra Sharma,23.0,2.62,57.7,9.5,1.68,3338385.0,lost,2:1,2026-10-03
2026-10-02,,Hugo Coquelin,Olaf Pieczkowski,Hugo Coquelin,Olaf Pieczkowski,26.800000000000004,3.2,55.2,8.5,1.73,3338375.0,won,1:0,2026-10-03
