date,total_matches,total_recommendations,pct_recommended,avg_edge_pp,avg_rating_confidence
2026-09-17,31,9,29.0,25.3,0.97
2026-09-18,67,1,1.5,22.6,1.0
2026-09-19,65,2,3.1,20.2,0.88
2026-09-20,33,0,0.0,,
2026-09-20,30,0,0.0,,
2026-09-21,117,4,3.4,29.8,1.0
2026-09-24,244,8,3.3,23.9,0.9
2026-09-25,144,6,4.2,28.8,0.83
2026-09-26,108,1,0.9,52.8,1.0
2026-09-27,77,1,1.3,24.6,1.0
2026-09-28,126,4,3.2,20.4,1.0
2026-09-29,235,7,3.0,40.2,0.71
2026-09-30,308,11,3.6,32.8,0.78
2026-10-01,252,10,4.0,30.1,0.82
2026-10-02,148,2,1.4,24.9,0.86
2026-10-03,92,0,0.0,,
2026-10-04,89,2,2.2,25.5,1.0
2026-10-05,156,3,1.9,26.2,1.0
2026-10-06,288,6,2.1,27.9,1.0
2026-10-07,344,19,5.5,29.0,0.97
2026-10-08,272,4,1.5,17.8,1.0
